NZ_CP020549.1	14540	14569	TTCGAACCCGTGTTACCGCCGTGAAAAGGC	44.450	99.610	99.404	0	0.199	0	-	SPNHU17_RS00065	1
NZ_CP020549.1	14842	14871	GCGTTCGTCCTGAGCCAGGATCAAACTCTC	42.210	100.000	0.000	0	0.168	0	-	SPNHU17_RS00070	1
NZ_CP020549.1	14891	14920	GCAAGCTCCTCCTTCAGCGTTCTACTTGCA	42.250	97.371	0.000	0	0.277	0	-	SPNHU17_RS00070	1
NZ_CP020549.1	14925	14954	GCGTTACTCACCCGTTCGCAACTCATCCAG	42.670	100.000	0.000	0	0.327	0	-	SPNHU17_RS00070	1
NZ_CP020549.1	15047	15076	GCAGGTCCATCTGGTAGTGATGCAAGTGCA	42.200	100.000	0.000	0	0.256	0	-	SPNHU17_RS00070	1
NZ_CP020549.1	15083	15112	TGGTGAGCCGTTACCCCACCAACTAGCTAA	42.540	98.874	0.000	0	0.262	0	-	SPNHU17_RS00070	1
NZ_CP020549.1	15113	15142	CCCTCTCAGGTCGGCTATGTATCGTCGCCT	43.790	95.668	0.000	0	0.255	0	-	SPNHU17_RS00070	1
NZ_CP020549.1	15143	15172	GCCGTGTCTCAGTCCCAGTGTGGCCGATCA	46.420	96.387	0.000	0	0.247	0	-	SPNHU17_RS00070	1
NZ_CP020549.1	15173	15202	TCCCTACTGCTGCCTCCCGTAGGAGTCTGG	44.990	98.519	0.000	0	0.154	0	-	SPNHU17_RS00070	1
NZ_CP020549.1	15203	15232	TCGGTCAGACTTCCGTCCATTGCCGAAGAT	42.820	100.000	0.000	0	0.160	0	-	SPNHU17_RS00070	1
NZ_CP020549.1	15233	15262	CGAAAACCTTCTTCACTCACGCGGCGTTGC	43.780	100.000	0.000	0	0.164	0	-	SPNHU17_RS00070	1
NZ_CP020549.1	15331	15360	TGGCACGTAGTTAGCCGTCCCTTTCTGGTA	42.440	99.415	0.000	0	0.196	0	-	SPNHU17_RS00070	1
NZ_CP020549.1	15361	15390	CGCTCGGGACCTACGTATTACCGCGGCTGC	46.760	99.185	0.000	0	0.283	0	-	SPNHU17_RS00070	1
NZ_CP020549.1	15392	15421	CGCTCGCTTTACGCCCAATAAATCCGGACA	42.640	100.000	0.000	0	0.398	0	-	SPNHU17_RS00070	1
NZ_CP020549.1	15502	15531	ACCGCTACACATGGAATTCCACTCTCCCCT	42.480	99.946	0.000	0	0.403	0	-	SPNHU17_RS00070	1
NZ_CP020549.1	15543	15572	CGCTTTCGCCACCGGTGTTCCTCCATATAT	42.050	98.084	0.000	0	0.180	0	-	SPNHU17_RS00070	1
NZ_CP020549.1	15573	15602	AGCCTCAGCGTCAGTTACAAGCCAGAGAGC	43.330	100.000	0.000	0	0.386	0	-	SPNHU17_RS00070	1
NZ_CP020549.1	15659	15688	CCCCGGAAAGGGTCTAACACCTAGCACTCA	42.560	96.552	0.000	0	0.234	0	-	SPNHU17_RS00070	1
NZ_CP020549.1	15692	15721	CGGAGTGCTTAATGCGTTAGCTACGGCACT	42.210	99.201	0.000	0	0.181	0	-	SPNHU17_RS00070	1
NZ_CP020549.1	15722	15751	AGTTTCAACCTTGCGGTCGTACTCCCCAGG	43.370	98.718	0.000	0	0.060	0	-	SPNHU17_RS00070	1
NZ_CP020549.1	15769	15798	TAAACCACATGCTCCACCGCTTGTGCGGGC	46.300	98.185	0.000	0	0.074	0	-	SPNHU17_RS00070	1
NZ_CP020549.1	15801	15830	GACCTGGTAAGGTTCTTCGCGTTGCTTCGA	42.120	98.187	0.000	0	0.118	0	-	SPNHU17_RS00070	1
NZ_CP020549.1	15859	15888	CCTGTCACCTCTGTCCCGAAGGAAAGCTCT	42.670	100.000	0.000	0	0.192	0	-	SPNHU17_RS00070	1
NZ_CP020549.1	15889	15918	ACGACACGAGCTGACGACAACCATGCACCA	45.130	100.000	0.000	0	0.441	0	-	SPNHU17_RS00070	1
NZ_CP020549.1	15919	15948	CGCTCGTTGCGGGACTTAACCCAACATCTC	42.740	100.000	0.000	0	0.250	0	-	SPNHU17_RS00070	1
NZ_CP020549.1	15974	16003	CCGGCAGTCTCGCTAGAGTGCCCAACTAAA	43.160	100.000	0.000	0	0.229	0	-	SPNHU17_RS00070	1
NZ_CP020549.1	16006	16035	TGACGTCATCCCCACCTTCCTCCGGTTTAT	42.430	94.393	0.000	0	0.163	0	-	SPNHU17_RS00070	1
NZ_CP020549.1	16041	16070	CGTGTGTAGCCCAGGTCATAAGGGGCATGA	43.190	100.000	0.000	0	0.251	0	-	SPNHU17_RS00070	1
NZ_CP020549.1	16071	16100	TTGCGACTCGTTGTACCAGCCATTGTAGCA	42.010	100.000	0.000	0	0.212	0	-	SPNHU17_RS00070	1
NZ_CP020549.1	16128	16157	TGCAGCCTACAATCCGAACTGAGACTGGCT	42.880	100.000	0.000	0	0.365	0	-	SPNHU17_RS00070	1
NZ_CP020549.1	16175	16204	CGTGCTGATCCGCGATTACTAGCGATTCCG	42.360	99.785	0.000	0	0.213	0	-	SPNHU17_RS00070	1
NZ_CP020549.1	16205	16234	GTACAAGGCCCGGGAACGTATTCACCGCGG	45.650	98.051	0.000	0	0.335	0	-	SPNHU17_RS00070	1
NZ_CP020549.1	16235	16264	TACAAACTCTCGTGGTGTGACGGGCGGTGT	44.620	95.567	0.000	0	0.164	0	-	SPNHU17_RS00070	1
NZ_CP020549.1	16265	16294	CCTTACGGTTACCTCACCGACTTCGGGTGT	42.720	92.982	0.000	0	0.092	0	-	SPNHU17_RS00070	1
NZ_CP020549.1	16295	16324	AATCATCTATCCCACCTTAGGCGGCTGGCT	42.650	96.735	0.000	0	0.248	0	-	SPNHU17_RS00070	1
NZ_CP020549.1	16335	16364	CGCACCTTCCGATACGGCTACCTTGTTACG	42.150	99.949	0.000	0	0.241	0	-	SPNHU17_RS00070	1
NZ_CP020549.1	16459	16488	GAACCGCTGACCTCCTGCGTGCAAAGCAGG	46.330	100.000	0.000	0	0.160	0	-	SPNHU17_RS00075	1
NZ_CP020549.1	16634	16663	AAGGCATCCACCGTGCGCCCTTATTAACTT	42.290	100.000	0.000	0	0.309	0	-	SPNHU17_RS00080	1
NZ_CP020549.1	16664	16693	TTGTCACGTCCTTCGTCGGCTCCTAGTGCC	44.640	97.778	0.000	0	0.196	0	-	SPNHU17_RS00080	1
NZ_CP020549.1	16723	16752	CCCCATTCGGAAATCCCTGGATCATCGCTT	42.060	97.845	0.000	0	0.165	0	-	SPNHU17_RS00080	1
NZ_CP020549.1	16847	16876	TCGCCGCTACTAAGGCAATCGCTTTTGCTT	42.650	94.404	0.000	0	0.188	0	-	SPNHU17_RS00080	1
NZ_CP020549.1	16877	16906	ACTCTTCGGTTTGCCCTCCTGCCGTTTCGC	45.840	99.590	0.000	0	0.217	0	-	SPNHU17_RS00080	1
NZ_CP020549.1	16914	16943	TGAGTCCACATTGCAGTCCTACAACCCCGA	42.690	98.235	0.000	0	0.405	0	-	SPNHU17_RS00080	1
NZ_CP020549.1	17016	17045	TGTCCCGCCGTACTCAGGATACTGCTAGGT	43.250	99.029	0.000	0	0.230	0	-	SPNHU17_RS00080	1
NZ_CP020549.1	17046	17075	GGTCCTCCCAGATTCCGACGGGATTTCACG	43.430	96.376	0.000	0	0.192	0	-	SPNHU17_RS00080	1
NZ_CP020549.1	17119	17148	GGGGTGCTTTTCACCTTTCCCTCACGGTAC	42.530	97.774	0.000	0	0.117	0	-	SPNHU17_RS00080	1
NZ_CP020549.1	17173	17202	GGGCTCGAACTTGTTGTAGGCACACGGTTT	42.740	100.000	0.000	0	0.251	0	-	SPNHU17_RS00080	1
NZ_CP020549.1	17214	17243	CGCCGGTTCATTCTACAAAAGGCACGCTCT	42.770	100.000	0.000	0	0.375	0	-	SPNHU17_RS00080	1
NZ_CP020549.1	17257	17286	ACGGCTCCGTCTCTTCAACTTAACCTCGCA	42.870	100.000	0.000	0	0.411	0	-	SPNHU17_RS00080	1
NZ_CP020549.1	17287	17316	TAAGGCGCCCTATTCAGACTCGGTTTCCCT	42.420	100.000	0.000	0	0.218	0	-	SPNHU17_RS00080	1
NZ_CP020549.1	17325	17354	TGGGTAGGTCACATGGTTTCGGGTCTACGT	42.290	95.573	0.000	0	0.273	0	-	SPNHU17_RS00080	1
NZ_CP020549.1	17355	17384	GTGCGTCTTACCGCACCTTCAACCTGCTCA	43.960	98.756	0.000	0	0.192	0	-	SPNHU17_RS00080	1
NZ_CP020549.1	17385	17414	CTTTTCAACGTGCCCTGGTTCGGTCCTCCA	43.900	100.000	0.000	0	0.241	0	-	SPNHU17_RS00080	1
NZ_CP020549.1	17516	17545	CCCCTCACCCAAACAGTGCTCTACCTCCAA	42.980	100.000	0.000	0	0.426	0	-	SPNHU17_RS00080	1
NZ_CP020549.1	17590	17619	GCACTCGCAGTCTGACTGCCGACCATAATT	42.270	99.095	0.000	0	0.162	0	-	SPNHU17_RS00080	1
NZ_CP020549.1	17625	17654	GGTCTGGGCTGTTTCCCTTTCGACTACGGA	43.000	100.000	0.000	0	0.277	2	-	SPNHU17_RS00080	1
NZ_CP020549.1	17683	17712	TGTCTGTGCAACCCCACATCCTTTTCCACT	42.020	97.340	0.000	0	0.271	0	-	SPNHU17_RS00080	1
NZ_CP020549.1	17758	17787	GGCGCAGGGTCACTCGACTAGTGAGCTATT	42.800	100.000	0.000	0	0.198	0	-	SPNHU17_RS00080	1
NZ_CP020549.1	17870	17899	TGCGTTCCAGCACTCCTCACGGTATACCTT	42.640	97.786	0.000	0	0.159	0	-	SPNHU17_RS00080	1
NZ_CP020549.1	17926	17955	CGGTGGACAGGATTCTCACCTGTCTTTCGC	42.220	99.740	0.000	0	0.162	0	-	SPNHU17_RS00080	1
NZ_CP020549.1	17958	17987	GGACGAGCCTTCCCCTGGAAACCTTAGTCT	42.590	99.709	0.000	0	0.218	0	-	SPNHU17_RS00080	1
NZ_CP020549.1	17988	18017	TCTCTCCTTAGGTCCCGACTAACCCAGGGC	43.360	95.979	0.000	0	0.299	0	-	SPNHU17_RS00080	1
NZ_CP020549.1	18250	18279	CCTGTGTCGGTTTGCGGTACGGGTAGAGTA	42.680	99.420	0.000	0	0.414	0	-	SPNHU17_RS00080	1
NZ_CP020549.1	18280	18309	TCGCTCACCTGAGGCTACTCGCCTCGACTA	44.690	98.411	0.000	0	0.070	0	-	SPNHU17_RS00080	1
NZ_CP020549.1	18327	18356	CCCGAAGTTACGGGGTCATTTTGCCGAGTT	42.490	96.171	0.000	0	0.263	0	-	SPNHU17_RS00080	1
NZ_CP020549.1	18357	18386	TGCGGCTGACTTAAAGTCAGCACCCCTTCT	43.250	99.382	0.000	0	0.090	0	-	SPNHU17_RS00080	1
NZ_CP020549.1	18457	18486	CTTAACCTTCCAGCACCGGGCAGGCGTCAC	45.890	99.359	0.000	0	0.234	0	-	SPNHU17_RS00080	1
NZ_CP020549.1	18511	18540	GGCCGCCGTTTACTGGGGCTTCAATTCATA	42.650	98.320	0.000	0	0.391	0	-	SPNHU17_RS00080	1
NZ_CP020549.1	18567	18596	GCGGGTCGGAACTTACCCGACAAGGAATTT	42.310	100.000	0.000	0	0.144	0	-	SPNHU17_RS00080	1
NZ_CP020549.1	18613	18642	ACCGAGTCTCTCGTTGAGACAGTGCCCAAA	42.690	99.001	0.000	0	0.115	0	-	SPNHU17_RS00080	1
NZ_CP020549.1	18651	18680	TCGCGGGTAACCTGCATCTTCACAGGTACT	42.640	100.000	0.000	0	0.217	0	-	SPNHU17_RS00080	1
NZ_CP020549.1	18683	18712	GCAGTAAAGCTCCATGGGGTCTTTCCGTCC	42.410	99.176	0.000	0	0.237	0	-	SPNHU17_RS00080	1
NZ_CP020549.1	18762	18791	TCTCCTTCGAAACTGGCGTCCCGATCTCTT	42.420	100.000	0.000	0	0.125	0	-	SPNHU17_RS00080	1
NZ_CP020549.1	18842	18871	GCCCGTCAGACACTGTCTCCGATAGGGATC	42.670	97.496	0.000	0	0.115	0	-	SPNHU17_RS00080	1
NZ_CP020549.1	18872	18901	CTTTTAGGAGGCGACCGCCCCAGTCAAACT	43.620	100.000	0.000	0	0.280	0	-	SPNHU17_RS00080	1
NZ_CP020549.1	18902	18931	TCTGAGGGAACCTTTGGGCGCCTCCGTTAC	44.910	98.511	0.000	0	0.155	0	-	SPNHU17_RS00080	1
NZ_CP020549.1	18967	18996	CGAGTTGTAGCTCTCGCAGTCAAGCTCCCT	42.890	100.000	0.000	0	0.178	0	-	SPNHU17_RS00080	1
NZ_CP020549.1	18997	19026	GGATCACTAAGCCCGACTTTCGTCCCTGCT	43.070	99.860	0.000	0	0.150	0	-	SPNHU17_RS00080	1
NZ_CP020549.1	19027	19056	TGAGCGATGGCCCTTCCATACGGAACCACC	45.010	98.544	0.000	0	0.172	0	-	SPNHU17_RS00080	1
NZ_CP020549.1	19095	19124	AAACCTCCCCGTCGATGTGAACTCTTGGGG	43.280	100.000	0.000	0	0.212	0	-	SPNHU17_RS00080	1
NZ_CP020549.1	19125	19154	CAGGATGCGACGAGCCGACATCGAGGTGCC	46.970	100.000	0.000	0	0.283	0	-	SPNHU17_RS00080	1
NZ_CP020549.1	19155	19184	CAGCCCAACCCTTGGGACCGACTACAGCCC	46.860	100.000	0.000	0	0.167	0	-	SPNHU17_RS00080	1
NZ_CP020549.1	19188	19217	GAACCCAGCTCGCGTGCCGCTTTAATGGGC	46.760	97.415	0.000	0	0.081	0	-	SPNHU17_RS00080	1
NZ_CP020549.1	19220	19249	CGGATAGGGACCGAACTGTCTCACGACGTT	42.640	96.582	0.000	0	0.214	0	-	SPNHU17_RS00080	1
NZ_CP020549.1	19251	19280	GCAGATCCTCTCAAATTTCCTACGCCCGCG	42.680	100.000	0.000	0	0.195	0	-	SPNHU17_RS00080	1
NZ_CP020549.1	19288	19317	CCAGCGGTAAGTCCACTCTGGTCCTCTCGT	43.860	95.794	0.000	0	0.204	0	-	SPNHU17_RS00080	1
NZ_CP020549.1	19318	19347	AGCGATGCCTTTGGCAAGACAACTGGTACA	42.330	100.000	0.000	0	0.169	0	-	SPNHU17_RS00080	1
NZ_CP020549.1	19470	19499	CGCTACATGTGTCGCCACACTTCCACTTCT	42.160	100.000	0.000	0	0.177	0	-	SPNHU17_RS00080	1
NZ_CP020549.1	19620	19649	CGGCATGGGTACAGGTGTATCTCCTAGGCT	42.300	98.827	0.000	0	0.340	0	-	SPNHU17_RS00085	1
NZ_CP020549.1	19661	19690	CCCCAACTACTTCCGGCGTTCTAGGGCTTA	42.740	98.809	0.000	0	0.314	0	-	SPNHU17_RS00085	1
NZ_CP020549.1	19871	19900	CCGCCAGTAGGACTCGAACCTACGACATCA	42.350	97.702	98.584	0	0.282	0	-	SPNHU17_RS00090	1
NZ_CP020549.1	56345	56374	CCGCTTCACGCAGAACTGTTGCTCCACTAT	42.400	99.017	0.000	0	0.264	0	-	SPNHU17_RS00340	1
NZ_CP020549.1	56375	56404	CGCTTAGGGCTGCTGGATTCCTCCCCTGAC	45.060	98.316	0.000	0	0.149	0	-	SPNHU17_RS00340	1
NZ_CP020549.1	392145	392174	GGCATCACAGCCTGTGCTAGCATGGACTTT	42.640	100.000	0.000	0	0.153	0	-	SPNHU17_RS02030	1
NZ_CP020549.1	392186	392215	TCGTCCCTAGGCTTATGGTTTCGCCTAGCA	42.380	98.369	0.000	0	0.167	0	-	SPNHU17_RS02030	1
NZ_CP020549.1	392263	392292	ACTCCGTCACTGTGGCACTTTCAAGCCTAC	42.020	98.846	0.000	0	0.219	0	-	SPNHU17_RS02030	1
NZ_CP020549.1	392293	392322	CCGCGTTCCACTCTCTCCGTTTCCAGAAAG	42.320	100.000	0.000	0	0.208	0	-	SPNHU17_RS02030	1
NZ_CP020549.1	392332	392361	GCCCCGACCAAAATTTGGGTTGCTAGCTTG	42.280	100.000	0.000	0	0.222	0	-	SPNHU17_RS02030	1
NZ_CP020549.1	834346	834375	CCCGAACCCGAAGGAGCGGATTTACAGTCC	43.590	99.509	0.000	0	0.262	0	-	SPNHU17_RS04180	1
NZ_CP020549.1	834441	834470	GCTGGATTCGAACCAACGCATGAGGGAGTC	42.670	100.000	0.000	0	0.367	0	-	SPNHU17_RS04185	1
NZ_CP020549.1	847026	847055	TCGCCACACGAGTCGCAAAATATGCCTCAT	42.300	100.000	0.000	0	0.187	0	-	SPNHU17_RS04245	1
NZ_CP020549.1	847116	847145	AATCCAAATCGGGTCACGCCTGCTGGTTTT	42.800	99.536	0.000	0	0.149	0	-	SPNHU17_RS04245	1
NZ_CP020549.1	847298	847327	CGAACCCACGTCCAAACACCTGCCAACATA	42.610	100.000	0.000	0	0.431	0	-	SPNHU17_RS04245	1
NZ_CP020549.1	847555	847584	CACGCTATTACACGCCTACCGCGTTTCCAA	42.500	100.000	0.000	0	0.077	0	+	SPNHU17_RS04250	1
NZ_CP020549.1	972272	972301	TTGAACCGGCGACCTCATCCTTACCATGGA	42.770	98.908	0.000	0	0.345	0	-	SPNHU17_RS04885	1
NZ_CP020549.1	1269363	1269392	CCCCTGCAGGAATCGAACCTGCAACTACTC	42.180	99.578	0.000	0	0.152	0	+	SPNHU17_RS06335	1
NZ_CP020549.1	1499705	1499734	AAAGCGGTCACAGGATCCTTAGTCCTGCGC	43.580	100.000	0.000	0	0.224	0	+	SPNHU17_RS07560	1
NZ_CP020549.1	1701458	1701487	AACCTGTGACCCACGGATTAAGAGTCCGCT	42.690	98.774	0.000	0	0.259	0	-	SPNHU17_RS08545	1
NZ_CP020549.1	1859153	1859182	GGCGGTAGACGGATTTGAACCGACGATCAA	42.010	99.316	0.000	0	0.350	0	-	SPNHU17_RS09325	1
NZ_CP020549.1	1897453	1897482	TGCACCCTAGAGGAGTCGAACCTCTAACCG	42.040	99.291	0.000	0	0.201	0	+	SPNHU17_RS09550	1
NZ_CP020549.1	1897552	1897581	CGAACCGGTACGATCGTTACCAATCGCAGG	42.300	98.247	0.000	0	0.090	0	+	SPNHU17_RS09555	1
NZ_CP020549.1	1897583	1897612	TTTTAAGTCCTGTGCGTCTGCCAGTTCCGC	42.730	99.949	0.000	0	0.417	0	+	SPNHU17_RS09555	1
NZ_CP020549.1	1897657	1897686	CCCCACCTTGGCAAGGTGGTGTTCTACCAC	44.070	100.000	0.000	0	0.051	0	+	SPNHU17_RS09560	1
NZ_CP020549.1	1897766	1897795	CAGATGCTCTACCAACTGAGCTAAGCCGGC	42.160	100.000	0.000	0	0.263	2	+	SPNHU17_RS09565	1
NZ_CP020549.1	1897835	1897864	CCCCACGCCGTTAAGCGCCAGATCCTAAAT	43.890	95.513	0.000	0	0.266	0	+	SPNHU17_RS09570	1
NZ_CP020549.1	1897865	1897894	CTGGTGCGTCTGCCAATTCCGCCAAACCCG	46.760	97.895	0.000	0	0.385	2	+	SPNHU17_RS09570	1
NZ_CP020549.1	1898011	1898040	AATCGAACCCGCGATCTTCGCCGTGACAGG	45.380	98.322	0.000	0	0.163	0	+	SPNHU17_RS09580	1
NZ_CP020549.1	1898041	1898070	GCGACGTGATAACCGCTACACTACGGGACC	43.350	97.365	0.000	0	0.200	0	+	SPNHU17_RS09580	1
NZ_CP020549.1	2143014	2143043	CATGCGCTACTACCAACTGAGCTATGGCGG	42.330	97.592	97.334	0	0.366	0	+	SPNHU17_RS10725	1
NZ_CP020549.1	2143051	2143080	AGTCCGTACGGGATTCGAACCCGTGTTACC	42.900	99.169	89.753	0	0.106	0	+	SPNHU17_RS10730	1
NZ_CP020549.1	2143081	2143110	GCCGTGAAAAGGCGGTGTCTTAACCCCTTG	43.190	100.000	100.000	0	0.209	0	+	SPNHU17_RS10730	1
